Wind speed,Wind is from,Ground roughtness,Cloud cover,Air themperature,Humidity,Puddle Diameter (meters),Puddle volume (cubic meters),Chemical,Mesurement Heigth,Chemical state,Building,Building surrounding,Initial Puddle Temperature,Type of Puddle,red distance (km),R complement,orange distance,O complement,yellow distance,Y complement,Red Vertical distane,Yellow Vertical distane,Orange Vertical distane,Red Horizontal distane,Yellow Horizontal distane,Orange Horizontal distane,Origin
7.0,NNE,Urban or forest,8.0,34.0,86.0,91.63,842.02,Methanol,3,Liquid,Double storied,Sheltered,34.0,Burning Puddle,0.08,10.0 kW/(sq m),0.1,5.0 kW/(sq m),0.12,2.0 kW/(sq m),0.03,0.06,0.04,0.14,0.24,0.18,0.12
8.0,ENE,Urban or forest,9.0,28.0,85.0,60.73,377.36,Methanol,3,Liquid,Enclosed office,,28.0,Burning Puddle,0.06,10.0 kW/(sq m),0.06,5.0 kW/(sq m),0.08,2.0 kW/(sq m),0.02,0.04,0.03,0.09,0.15,0.11,0.07
6.0,NE,open country,6.0,19.0,84.0,55.9,194.28,Methanol,3,Liquid,Double storied,Sheltered,19.0,Burning Puddle,0.05,10.0 kW/(sq m),0.06,5.0 kW/(sq m),0.08,2.0 kW/(sq m),0.02,0.04,0.03,0.09,0.15,0.11,0.07
6.0,ENE,Urban or forest,7.0,30.0,84.0,18.85,927.97,Methanol,3,Liquid,Double storied,Sheltered,30.0,Burning Puddle,0.02,10.0 kW/(sq m),0.02,5.0 kW/(sq m),0.03,2.0 kW/(sq m),0.01,0.01,0.01,0.03,0.05,0.04,0.02
9.0,ESE,open country,7.0,24.0,82.0,41.08,310.48,Methanol,3,Liquid,Double storied,Unsheltered,24.0,Burning Puddle,0.04,10.0 kW/(sq m),0.04,5.0 kW/(sq m),0.06,2.0 kW/(sq m),0.02,0.03,0.02,0.06,0.1,0.07,0.04
6.0,ESE,open country,0.0,22.0,87.0,48.63,230.12,Methanol,3,Liquid,Enclosed office,,22.0,Burning Puddle,0.04,10.0 kW/(sq m),0.05,5.0 kW/(sq m),0.07,2.0 kW/(sq m),0.02,0.04,0.03,0.07,0.12,0.09,0.05
4.0,ENE,open country,5.0,21.0,87.0,54.37,577.56,Methanol,3,Liquid,Enclosed office,,21.0,Burning Puddle,0.05,10.0 kW/(sq m),0.06,5.0 kW/(sq m),0.08,2.0 kW/(sq m),0.02,0.04,0.03,0.08,0.15,0.11,0.07
7.0,ENE,Urban or forest,6.0,19.0,80.0,38.15,415.3,Methanol,3,Liquid,Single office,Unsheltered,19.0,Burning Puddle,0.04,10.0 kW/(sq m),0.04,5.0 kW/(sq m),0.06,2.0 kW/(sq m),0.02,0.03,0.02,0.06,0.1,0.07,0.04
5.0,ENE,open country,2.0,33.0,87.0,51.35,324.08,Methanol,3,Liquid,Double storied,Unsheltered,33.0,Burning Puddle,0.05,10.0 kW/(sq m),0.06,5.0 kW/(sq m),0.08,2.0 kW/(sq m),0.02,0.04,0.03,0.08,0.13,0.1,0.05
5.0,ESE,open country,1.0,28.0,81.0,31.82,177.0,Methanol,3,Liquid,Single office,Unsheltered,28.0,Burning Puddle,0.03,10.0 kW/(sq m),0.04,5.0 kW/(sq m),0.05,2.0 kW/(sq m),0.01,0.02,0.02,0.05,0.08,0.06,0.03
5.0,ENE,open country,7.0,22.0,85.0,49.72,715.44,Methanol,3,Liquid,Enclosed office,,22.0,Burning Puddle,0.05,10.0 kW/(sq m),0.06,5.0 kW/(sq m),0.07,2.0 kW/(sq m),0.02,0.04,0.03,0.08,0.13,0.09,0.06
9.0,NNE,Urban or forest,10.0,32.0,83.0,81.52,30.0,Methanol,3,Liquid,Single office,Unsheltered,32.0,Burning Puddle,0.07,10.0 kW/(sq m),0.08,5.0 kW/(sq m),0.11,2.0 kW/(sq m),0.03,0.05,0.04,0.13,0.21,0.15,0.1
9.0,NE,Urban or forest,2.0,19.0,79.0,19.99,720.89,Methanol,3,Liquid,Double storied,Sheltered,19.0,Burning Puddle,0.02,10.0 kW/(sq m),0.02,5.0 kW/(sq m),0.03,2.0 kW/(sq m),0.01,0.02,0.01,0.03,0.05,0.04,0.02
9.0,NE,Urban or forest,3.0,24.0,79.0,58.1,739.51,Methanol,3,Liquid,Enclosed office,,24.0,Burning Puddle,0.05,10.0 kW/(sq m),0.06,5.0 kW/(sq m),0.08,2.0 kW/(sq m),0.02,0.04,0.03,0.09,0.15,0.11,0.07
4.0,NE,open country,10.0,31.0,82.0,37.09,776.35,Methanol,3,Liquid,Single office,Unsheltered,31.0,Burning Puddle,0.04,10.0 kW/(sq m),0.04,5.0 kW/(sq m),0.06,2.0 kW/(sq m),0.01,0.03,0.02,0.06,0.1,0.07,0.04
7.0,NE,open country,9.0,28.0,84.0,74.39,446.97,Methanol,3,Liquid,Enclosed office,,28.0,Burning Puddle,0.07,10.0 kW/(sq m),0.08,5.0 kW/(sq m),0.1,2.0 kW/(sq m),0.03,0.05,0.04,0.11,0.19,0.14,0.09
4.0,NNE,open country,6.0,21.0,81.0,99.95,935.59,Methanol,3,Liquid,Enclosed office,,21.0,Burning Puddle,0.09,10.0 kW/(sq m),0.11,5.0 kW/(sq m),0.14,2.0 kW/(sq m),0.04,0.07,0.05,0.16,0.28,0.2,0.14
8.0,ENE,Urban or forest,4.0,26.0,86.0,30.8,951.95,Methanol,3,Liquid,Single office,Unsheltered,26.0,Burning Puddle,0.03,10.0 kW/(sq m),0.04,5.0 kW/(sq m),0.04,2.0 kW/(sq m),0.01,0.02,0.02,0.05,0.08,0.06,0.04
3.0,NE,open country,7.0,23.0,80.0,66.8,101.76,Methanol,3,Liquid,Enclosed office,,23.0,Burning Puddle,0.06,10.0 kW/(sq m),0.07,5.0 kW/(sq m),0.09,2.0 kW/(sq m),0.03,0.05,0.03,0.1,0.16,0.12,0.07
9.0,ESE,Urban or forest,1.0,34.0,85.0,15.22,766.34,Methanol,3,Liquid,Enclosed office,,34.0,Burning Puddle,0.02,10.0 kW/(sq m),0.02,5.0 kW/(sq m),0.02,2.0 kW/(sq m),0.01,0.01,0.01,0.02,0.04,0.03,0.02
5.0,NNE,Urban or forest,6.0,23.0,85.0,74.99,258.11,Methanol,3,Liquid,Double storied,Unsheltered,23.0,Burning Puddle,0.07,10.0 kW/(sq m),0.08,5.0 kW/(sq m),0.11,2.0 kW/(sq m),0.03,0.05,0.04,0.12,0.21,0.15,0.1
9.0,NE,open country,2.0,31.0,79.0,39.64,566.33,Methanol,3,Liquid,Enclosed office,,31.0,Burning Puddle,0.04,10.0 kW/(sq m),0.04,5.0 kW/(sq m),0.05,2.0 kW/(sq m),0.02,0.03,0.02,0.06,0.1,0.07,0.05
4.0,ENE,open country,6.0,22.0,81.0,17.4,727.12,Methanol,3,Liquid,Enclosed office,,22.0,Burning Puddle,0.02,10.0 kW/(sq m),0.02,5.0 kW/(sq m),0.03,2.0 kW/(sq m),0.01,0.01,0.01,0.03,0.05,0.03,0.02
3.0,ENE,Urban or forest,10.0,26.0,77.0,73.33,495.13,Methanol,3,Liquid,Enclosed office,,26.0,Burning Puddle,0.06,10.0 kW/(sq m),0.08,5.0 kW/(sq m),0.11,2.0 kW/(sq m),0.03,0.06,0.04,0.11,0.21,0.15,0.1
6.0,ENE,Urban or forest,4.0,22.0,80.0,77.5,784.63,Methanol,3,Liquid,Enclosed office,,22.0,Burning Puddle,0.07,10.0 kW/(sq m),0.08,5.0 kW/(sq m),0.11,2.0 kW/(sq m),0.03,0.06,0.04,0.12,0.2,0.14,0.09
4.0,ESE,Urban or forest,4.0,32.0,84.0,43.7,255.18,Methanol,3,Liquid,Single office,Sheltered,32.0,Burning Puddle,0.04,10.0 kW/(sq m),0.05,5.0 kW/(sq m),0.07,2.0 kW/(sq m),0.02,0.03,0.02,0.07,0.12,0.09,0.05
3.0,ESE,open country,9.0,24.0,81.0,55.66,15.0,Methanol,3,Liquid,Double storied,Unsheltered,24.0,Burning Puddle,0.05,10.0 kW/(sq m),0.06,5.0 kW/(sq m),0.09,2.0 kW/(sq m),0.02,0.04,0.03,0.09,0.16,0.11,0.07
4.0,NNE,open country,5.0,26.0,83.0,34.31,372.03,Methanol,3,Liquid,Single office,Unsheltered,26.0,Burning Puddle,0.03,10.0 kW/(sq m),0.04,5.0 kW/(sq m),0.05,2.0 kW/(sq m),0.01,0.02,0.02,0.05,0.1,0.07,0.05
6.0,NNE,Urban or forest,5.0,26.0,81.0,23.97,508.2,Methanol,3,Liquid,Single office,Unsheltered,26.0,Burning Puddle,0.02,10.0 kW/(sq m),0.03,5.0 kW/(sq m),0.04,2.0 kW/(sq m),0.01,0.02,0.01,0.04,0.07,0.05,0.03
3.0,NE,open country,5.0,20.0,84.0,32.62,973.02,Methanol,3,Liquid,Double storied,Unsheltered,20.0,Burning Puddle,0.03,10.0 kW/(sq m),0.04,5.0 kW/(sq m),0.05,2.0 kW/(sq m),0.01,0.03,0.02,0.05,0.1,0.07,0.05
9.0,ESE,open country,1.0,25.0,84.0,3.76,320.02,Methanol,3,Liquid,Double storied,Unsheltered,25.0,Burning Puddle,0.0,10.0 kW/(sq m),0.01,5.0 kW/(sq m),0.01,2.0 kW/(sq m),0.03,0.06,0.04,0.11,0.19,0.14,0.18
7.0,ENE,open country,8.0,34.0,82.0,76.57,140.71,Methanol,3,Liquid,Single office,Sheltered,34.0,Burning Puddle,0.07,10.0 kW/(sq m),0.08,5.0 kW/(sq m),0.1,2.0 kW/(sq m),0.03,0.06,0.04,0.11,0.19,0.14,0.09
3.0,NNE,Urban or forest,7.0,31.0,79.0,78.05,204.31,Methanol,3,Liquid,Double storied,Sheltered,31.0,Burning Puddle,0.06,10.0 kW/(sq m),0.08,5.0 kW/(sq m),0.11,2.0 kW/(sq m),0.03,0.06,0.04,0.12,0.22,0.15,0.11
6.0,ESE,open country,6.0,33.0,80.0,24.83,77.31,Methanol,3,Liquid,Enclosed office,,33.0,Burning Puddle,0.02,10.0 kW/(sq m),0.03,5.0 kW/(sq m),0.04,2.0 kW/(sq m),0.01,0.02,0.01,0.04,0.06,0.05,0.02
7.0,ESE,Urban or forest,10.0,20.0,79.0,43.37,22.46,Methanol,3,Liquid,Single office,Sheltered,20.0,Burning Puddle,0.04,10.0 kW/(sq m),0.05,5.0 kW/(sq m),0.06,2.0 kW/(sq m),0.02,0.03,0.02,0.07,0.11,0.08,0.05
4.0,ESE,open country,4.0,28.0,80.0,15.4,835.11,Methanol,3,Liquid,Double storied,Sheltered,28.0,Burning Puddle,0.02,10.0 kW/(sq m),0.02,5.0 kW/(sq m),0.03,2.0 kW/(sq m),0.01,0.01,0.01,0.03,0.05,0.03,0.02
9.0,ENE,Urban or forest,9.0,19.0,78.0,27.51,196.93,Methanol,3,Liquid,Double storied,Sheltered,19.0,Burning Puddle,0.03,10.0 kW/(sq m),0.03,5.0 kW/(sq m),0.04,2.0 kW/(sq m),0.01,0.02,0.01,0.04,0.07,0.05,0.03
6.0,NNE,Urban or forest,5.0,32.0,80.0,29.84,575.58,Methanol,3,Liquid,Single office,Unsheltered,32.0,Burning Puddle,0.03,10.0 kW/(sq m),0.04,5.0 kW/(sq m),0.04,2.0 kW/(sq m),0.01,0.02,0.01,0.05,0.08,0.06,0.04
5.0,ESE,open country,5.0,26.0,83.0,80.71,241.31,Methanol,3,Liquid,Double storied,Unsheltered,26.0,Burning Puddle,0.07,10.0 kW/(sq m),0.09,5.0 kW/(sq m),0.11,2.0 kW/(sq m),0.03,0.06,0.04,0.12,0.21,0.15,0.1
10.0,ENE,Urban or forest,6.0,27.0,86.0,60.44,326.9,Methanol,3,Liquid,Single office,Unsheltered,27.0,Burning Puddle,0.05,10.0 kW/(sq m),0.06,5.0 kW/(sq m),0.08,2.0 kW/(sq m),0.03,0.04,0.03,0.09,0.14,0.11,0.06
9.0,NE,Urban or forest,1.0,30.0,84.0,32.88,908.93,Methanol,3,Liquid,Double storied,Sheltered,30.0,Burning Puddle,0.03,10.0 kW/(sq m),0.04,5.0 kW/(sq m),0.05,2.0 kW/(sq m),0.01,0.02,0.02,0.05,0.09,0.06,0.04
4.0,NE,open country,4.0,24.0,78.0,25.07,277.59,Methanol,3,Liquid,Enclosed office,,24.0,Burning Puddle,0.02,10.0 kW/(sq m),0.03,5.0 kW/(sq m),0.04,2.0 kW/(sq m),0.01,0.02,0.01,0.04,0.07,0.05,0.03
8.0,NE,Urban or forest,9.0,24.0,87.0,31.02,995.96,Methanol,3,Liquid,Enclosed office,,24.0,Burning Puddle,0.03,10.0 kW/(sq m),0.04,5.0 kW/(sq m),0.04,2.0 kW/(sq m),0.01,0.02,0.02,0.05,0.08,0.06,0.04
7.0,ENE,open country,1.0,27.0,83.0,62.25,110.43,Methanol,3,Liquid,Single office,Sheltered,27.0,Burning Puddle,0.06,10.0 kW/(sq m),0.07,5.0 kW/(sq m),0.09,2.0 kW/(sq m),0.03,0.05,0.03,0.09,0.15,0.11,0.06
7.0,ENE,open country,8.0,25.0,84.0,47.7,961.38,Methanol,3,Liquid,Enclosed office,,25.0,Burning Puddle,0.04,10.0 kW/(sq m),0.05,5.0 kW/(sq m),0.07,2.0 kW/(sq m),0.02,0.04,0.03,0.07,0.12,0.09,0.05
8.0,ENE,Urban or forest,0.0,20.0,78.0,88.19,477.48,Methanol,3,Liquid,Double storied,Unsheltered,20.0,Burning Puddle,0.08,10.0 kW/(sq m),0.09,5.0 kW/(sq m),0.12,2.0 kW/(sq m),0.04,0.06,0.04,0.13,0.21,0.16,0.09
8.0,NNE,Urban or forest,2.0,24.0,85.0,56.35,879.29,Methanol,3,Liquid,Single office,Unsheltered,24.0,Burning Puddle,0.05,10.0 kW/(sq m),0.06,5.0 kW/(sq m),0.08,2.0 kW/(sq m),0.02,0.04,0.03,0.09,0.15,0.11,0.07
5.0,NE,open country,0.0,21.0,77.0,51.3,660.01,Methanol,3,Liquid,Single office,Sheltered,21.0,Burning Puddle,0.05,10.0 kW/(sq m),0.06,5.0 kW/(sq m),0.08,2.0 kW/(sq m),0.02,0.04,0.03,0.08,0.14,0.1,0.06
9.0,NE,Urban or forest,3.0,27.0,78.0,20.03,597.14,Methanol,3,Liquid,Enclosed office,,27.0,Burning Puddle,0.02,10.0 kW/(sq m),0.02,5.0 kW/(sq m),0.03,2.0 kW/(sq m),0.01,0.02,0.01,0.03,0.05,0.04,0.02
9.0,ENE,open country,4.0,30.0,79.0,78.57,94.36,Methanol,3,Liquid,Single office,Sheltered,30.0,Burning Puddle,0.07,10.0 kW/(sq m),0.08,5.0 kW/(sq m),0.1,2.0 kW/(sq m),0.03,0.06,0.04,0.11,0.18,0.14,0.08
4.0,NE,Urban or forest,9.0,32.0,81.0,61.04,98.12,Methanol,3,Liquid,Enclosed office,,32.0,Burning Puddle,0.06,10.0 kW/(sq m),0.07,5.0 kW/(sq m),0.09,2.0 kW/(sq m),0.02,0.05,0.03,0.09,0.17,0.12,0.08
9.0,ENE,Urban or forest,7.0,22.0,87.0,10.0,817.09,Methanol,3,Liquid,Double storied,Sheltered,22.0,Burning Puddle,0.01,10.0 kW/(sq m),0.01,5.0 kW/(sq m),0.02,2.0 kW/(sq m),0.0,0.01,0.01,0.02,0.03,0.02,0.01
9.0,ESE,Urban or forest,9.0,35.0,85.0,82.87,813.22,Methanol,3,Liquid,Enclosed office,,35.0,Burning Puddle,0.07,10.0 kW/(sq m),0.08,5.0 kW/(sq m),0.11,2.0 kW/(sq m),0.03,0.06,0.04,0.12,0.2,0.15,0.09
9.0,NE,Urban or forest,3.0,26.0,84.0,74.14,380.96,Methanol,3,Liquid,Single office,Unsheltered,26.0,Burning Puddle,0.07,10.0 kW/(sq m),0.08,5.0 kW/(sq m),0.1,2.0 kW/(sq m),0.03,0.05,0.04,0.11,0.19,0.14,0.09
5.0,NNE,Urban or forest,5.0,34.0,77.0,62.46,153.43,Methanol,3,Liquid,Double storied,Sheltered,34.0,Burning Puddle,0.06,10.0 kW/(sq m),0.07,5.0 kW/(sq m),0.09,2.0 kW/(sq m),0.02,0.05,0.03,0.1,0.17,0.12,0.08
5.0,ESE,open country,7.0,21.0,81.0,44.81,136.15,Methanol,3,Liquid,Single office,Unsheltered,21.0,Burning Puddle,0.04,10.0 kW/(sq m),0.05,5.0 kW/(sq m),0.07,2.0 kW/(sq m),0.02,0.03,0.02,0.07,0.12,0.08,0.05
7.0,ENE,Urban or forest,2.0,27.0,83.0,12.62,725.05,Methanol,3,Liquid,Double storied,Sheltered,27.0,Burning Puddle,0.01,10.0 kW/(sq m),0.02,5.0 kW/(sq m),0.02,2.0 kW/(sq m),0.01,0.01,0.01,0.02,0.03,0.02,0.01
6.0,ENE,Urban or forest,2.0,20.0,85.0,80.39,187.44,Methanol,3,Liquid,Enclosed office,,20.0,Burning Puddle,0.07,10.0 kW/(sq m),0.09,5.0 kW/(sq m),0.11,2.0 kW/(sq m),0.03,0.06,0.04,0.12,0.21,0.15,0.1
6.0,ENE,open country,0.0,34.0,86.0,75.89,74.19,Methanol,3,Liquid,Single office,Sheltered,34.0,Burning Puddle,0.07,10.0 kW/(sq m),0.08,5.0 kW/(sq m),0.1,2.0 kW/(sq m),0.03,0.05,0.04,0.11,0.19,0.14,0.09
4.0,ESE,Urban or forest,3.0,34.0,84.0,79.8,363.58,Methanol,3,Liquid,Enclosed office,,34.0,Burning Puddle,0.07,10.0 kW/(sq m),0.09,5.0 kW/(sq m),0.12,2.0 kW/(sq m),0.03,0.06,0.04,0.12,0.22,0.15,0.1
9.0,ESE,Urban or forest,6.0,20.0,80.0,55.09,586.74,Methanol,3,Liquid,Single office,Unsheltered,20.0,Burning Puddle,0.05,10.0 kW/(sq m),0.06,5.0 kW/(sq m),0.08,2.0 kW/(sq m),0.02,0.04,0.03,0.08,0.13,0.1,0.05
4.0,ENE,Urban or forest,6.0,20.0,87.0,41.98,709.4,Methanol,3,Liquid,Single office,Unsheltered,20.0,Burning Puddle,0.04,10.0 kW/(sq m),0.05,5.0 kW/(sq m),0.06,2.0 kW/(sq m),0.02,0.03,0.02,0.06,0.12,0.08,0.06
3.0,ESE,open country,1.0,33.0,82.0,92.94,70.58,Methanol,3,Liquid,Double storied,Unsheltered,33.0,Burning Puddle,0.08,10.0 kW/(sq m),0.1,5.0 kW/(sq m),0.14,2.0 kW/(sq m),0.04,0.07,0.05,0.14,0.26,0.18,0.12
10.0,ENE,Urban or forest,9.0,20.0,83.0,10.79,457.0,Methanol,3,Liquid,Single office,Sheltered,20.0,Burning Puddle,0.01,10.0 kW/(sq m),0.01,5.0 kW/(sq m),0.02,2.0 kW/(sq m),0.0,0.01,0.01,0.02,0.03,0.02,0.01
5.0,ENE,Urban or forest,0.0,33.0,83.0,16.32,283.64,Methanol,3,Liquid,Enclosed office,,33.0,Burning Puddle,0.02,10.0 kW/(sq m),0.02,5.0 kW/(sq m),0.03,2.0 kW/(sq m),0.01,0.01,0.01,0.03,0.04,0.03,0.01
5.0,NE,open country,1.0,26.0,86.0,28.64,169.04,Methanol,3,Liquid,Enclosed office,,26.0,Burning Puddle,0.03,10.0 kW/(sq m),0.03,5.0 kW/(sq m),0.04,2.0 kW/(sq m),0.01,0.02,0.02,0.04,0.08,0.06,0.04
7.0,NE,open country,2.0,32.0,78.0,72.61,787.5,Methanol,3,Liquid,Single office,Sheltered,32.0,Burning Puddle,0.06,10.0 kW/(sq m),0.08,5.0 kW/(sq m),0.1,2.0 kW/(sq m),0.03,0.05,0.04,0.11,0.19,0.14,0.09
10.0,NNE,Urban or forest,5.0,27.0,77.0,64.79,162.37,Methanol,3,Liquid,Enclosed office,,27.0,Burning Puddle,0.06,10.0 kW/(sq m),0.07,5.0 kW/(sq m),0.09,2.0 kW/(sq m),0.02,0.04,0.03,0.1,0.17,0.12,0.08
5.0,ENE,open country,2.0,21.0,78.0,68.99,410.91,Methanol,3,Liquid,Enclosed office,,21.0,Burning Puddle,0.06,10.0 kW/(sq m),0.08,5.0 kW/(sq m),0.99,2.0 kW/(sq m),0.03,0.05,0.04,0.1,0.18,0.13,-0.81
5.0,NNE,open country,9.0,26.0,80.0,92.36,794.01,Methanol,3,Liquid,Enclosed office,,26.0,Burning Puddle,0.08,10.0 kW/(sq m),0.1,5.0 kW/(sq m),0.13,2.0 kW/(sq m),0.04,0.06,0.05,0.14,0.25,0.18,0.12
4.0,ENE,Urban or forest,10.0,21.0,84.0,57.21,792.63,Methanol,3,Liquid,Single office,Unsheltered,21.0,Burning Puddle,0.05,10.0 kW/(sq m),0.06,5.0 kW/(sq m),0.09,2.0 kW/(sq m),0.02,0.04,0.03,0.09,0.16,0.11,0.07
10.0,NNE,Urban or forest,5.0,29.0,80.0,69.87,309.26,Methanol,3,Liquid,Enclosed office,,29.0,Burning Puddle,0.06,10.0 kW/(sq m),0.07,5.0 kW/(sq m),0.09,2.0 kW/(sq m),0.03,0.04,0.03,0.11,0.18,0.13,0.09
4.0,ESE,open country,8.0,31.0,87.0,82.44,781.47,Methanol,3,Liquid,Enclosed office,,31.0,Burning Puddle,0.07,10.0 kW/(sq m),0.09,5.0 kW/(sq m),0.12,2.0 kW/(sq m),0.03,0.06,0.04,0.12,0.22,0.16,0.1
7.0,NNE,Urban or forest,9.0,18.0,84.0,98.29,828.59,Methanol,3,Liquid,Double storied,Unsheltered,18.0,Burning Puddle,0.09,10.0 kW/(sq m),0.1,5.0 kW/(sq m),0.13,2.0 kW/(sq m),0.04,0.07,0.05,0.15,0.26,0.19,0.13
8.0,NNE,open country,4.0,26.0,81.0,9.5,820.89,Methanol,3,Liquid,Enclosed office,,26.0,Burning Puddle,0.01,10.0 kW/(sq m),0.01,5.0 kW/(sq m),0.01,2.0 kW/(sq m),0.0,0.01,0.0,0.02,0.03,0.02,0.02
4.0,NE,open country,3.0,34.0,85.0,65.31,223.11,Methanol,3,Liquid,Enclosed office,,34.0,Burning Puddle,0.06,10.0 kW/(sq m),0.07,5.0 kW/(sq m),0.1,2.0 kW/(sq m),0.03,0.05,0.03,0.1,0.18,0.13,0.08
7.0,NE,Urban or forest,4.0,34.0,85.0,24.21,760.96,Methanol,3,Liquid,Double storied,Sheltered,34.0,Burning Puddle,0.02,10.0 kW/(sq m),0.03,5.0 kW/(sq m),0.04,2.0 kW/(sq m),0.01,0.02,0.01,0.04,0.07,0.05,0.03
7.0,ESE,Urban or forest,1.0,24.0,78.0,98.61,633.5,Methanol,3,Liquid,Double storied,Unsheltered,24.0,Burning Puddle,0.09,10.0 kW/(sq m),0.1,5.0 kW/(sq m),0.14,2.0 kW/(sq m),0.04,0.07,0.05,0.15,0.24,0.18,0.1
6.0,ENE,Urban or forest,5.0,28.0,78.0,47.36,484.83,Methanol,3,Liquid,Enclosed office,,28.0,Burning Puddle,0.04,10.0 kW/(sq m),0.05,5.0 kW/(sq m),0.07,2.0 kW/(sq m),0.02,0.04,0.02,0.07,0.12,0.09,0.05
4.0,NE,Urban or forest,1.0,23.0,81.0,64.17,343.94,Methanol,3,Liquid,Enclosed office,,23.0,Burning Puddle,0.06,10.0 kW/(sq m),0.07,5.0 kW/(sq m),0.1,2.0 kW/(sq m),0.03,0.05,0.03,0.1,0.18,0.13,0.08
5.0,NNE,Urban or forest,8.0,21.0,81.0,92.28,613.84,Methanol,3,Liquid,Enclosed office,,21.0,Burning Puddle,0.08,10.0 kW/(sq m),0.1,5.0 kW/(sq m),0.13,2.0 kW/(sq m),0.04,0.06,0.05,0.14,0.25,0.18,0.12
4.0,ENE,open country,9.0,21.0,81.0,34.69,375.09,Methanol,3,Liquid,Double storied,Sheltered,21.0,Burning Puddle,0.03,10.0 kW/(sq m),0.04,5.0 kW/(sq m),0.05,2.0 kW/(sq m),0.01,0.03,0.02,0.05,0.1,0.07,0.05
4.0,NNE,Urban or forest,3.0,28.0,81.0,84.89,621.61,Methanol,3,Liquid,Double storied,Unsheltered,28.0,Burning Puddle,0.07,10.0 kW/(sq m),0.09,5.0 kW/(sq m),0.12,2.0 kW/(sq m),0.03,0.06,0.04,0.13,0.24,0.17,0.12
5.0,NNE,open country,10.0,24.0,82.0,40.29,10.0,Methanol,3,Liquid,Double storied,Sheltered,24.0,Burning Puddle,0.04,10.0 kW/(sq m),0.05,5.0 kW/(sq m),0.06,2.0 kW/(sq m),0.02,0.03,0.02,0.06,0.11,0.08,0.05
6.0,NNE,open country,6.0,30.0,86.0,94.01,630.02,Methanol,3,Liquid,Enclosed office,,30.0,Burning Puddle,0.08,10.0 kW/(sq m),0.1,5.0 kW/(sq m),0.13,2.0 kW/(sq m),0.04,0.06,0.05,0.15,0.25,0.18,0.12
7.0,NE,open country,7.0,18.0,84.0,90.53,209.09,Methanol,3,Liquid,Double storied,Unsheltered,18.0,Burning Puddle,0.08,10.0 kW/(sq m),0.09,5.0 kW/(sq m),0.12,2.0 kW/(sq m),0.04,0.06,0.05,0.14,0.23,0.17,0.11
6.0,ENE,open country,7.0,23.0,82.0,14.72,159.84,Methanol,3,Liquid,Double storied,Unsheltered,23.0,Burning Puddle,0.02,10.0 kW/(sq m),0.02,5.0 kW/(sq m),0.02,2.0 kW/(sq m),0.01,0.01,0.01,0.02,0.04,0.03,0.02
7.0,NNE,Urban or forest,5.0,28.0,79.0,66.04,826.21,Methanol,3,Liquid,Enclosed office,,28.0,Burning Puddle,0.06,10.0 kW/(sq m),0.07,5.0 kW/(sq m),0.09,2.0 kW/(sq m),0.03,0.04,0.03,0.1,0.18,0.13,0.09
9.0,ENE,open country,8.0,25.0,81.0,44.47,717.13,Methanol,3,Liquid,Single office,Sheltered,25.0,Burning Puddle,0.04,10.0 kW/(sq m),0.05,5.0 kW/(sq m),0.06,2.0 kW/(sq m),0.02,0.03,0.02,0.07,0.11,0.08,0.05
9.0,ESE,open country,6.0,33.0,81.0,14.2,18.57,Methanol,3,Liquid,Single office,Unsheltered,33.0,Burning Puddle,0.01,10.0 kW/(sq m),0.02,5.0 kW/(sq m),0.02,2.0 kW/(sq m),0.01,0.01,0.01,0.02,0.03,0.03,0.01
6.0,ENE,open country,8.0,31.0,84.0,76.22,796.68,Methanol,3,Liquid,Enclosed office,,31.0,Burning Puddle,0.07,10.0 kW/(sq m),0.08,5.0 kW/(sq m),0.11,2.0 kW/(sq m),0.03,0.06,0.04,0.11,0.19,0.14,0.08
6.0,NE,open country,1.0,29.0,84.0,25.57,147.9,Methanol,3,Liquid,Enclosed office,,29.0,Burning Puddle,0.02,10.0 kW/(sq m),0.03,5.0 kW/(sq m),0.04,2.0 kW/(sq m),0.01,0.02,0.01,0.04,0.07,0.05,0.03
8.0,ESE,Urban or forest,9.0,26.0,78.0,50.62,532.35,Methanol,3,Liquid,Enclosed office,,26.0,Burning Puddle,0.05,10.0 kW/(sq m),0.06,5.0 kW/(sq m),0.07,2.0 kW/(sq m),0.02,0.04,0.03,0.08,0.12,0.09,0.05
6.0,ENE,open country,8.0,33.0,82.0,78.68,397.81,Methanol,3,Liquid,Enclosed office,,33.0,Burning Puddle,0.07,10.0 kW/(sq m),0.08,5.0 kW/(sq m),0.11,2.0 kW/(sq m),0.03,0.06,0.04,0.12,0.2,0.14,0.09
6.0,ESE,Urban or forest,2.0,27.0,86.0,22.35,857.91,Methanol,3,Liquid,Enclosed office,,27.0,Burning Puddle,0.02,10.0 kW/(sq m),0.03,5.0 kW/(sq m),0.03,2.0 kW/(sq m),0.01,0.02,0.01,0.03,0.06,0.04,0.03
5.0,NE,open country,9.0,18.0,86.0,95.85,333.78,Methanol,3,Liquid,Double storied,Unsheltered,18.0,Burning Puddle,0.08,10.0 kW/(sq m),0.1,5.0 kW/(sq m),0.13,2.0 kW/(sq m),0.04,0.07,0.05,0.15,0.25,0.18,0.12
6.0,ESE,Urban or forest,8.0,22.0,86.0,85.34,115.46,Methanol,3,Liquid,Single office,Unsheltered,22.0,Burning Puddle,0.08,10.0 kW/(sq m),0.09,5.0 kW/(sq m),0.12,2.0 kW/(sq m),0.04,0.06,0.04,0.13,0.22,0.16,0.1
9.0,ESE,Urban or forest,4.0,21.0,77.0,47.14,998.35,Methanol,3,Liquid,Single office,Sheltered,21.0,Burning Puddle,0.04,10.0 kW/(sq m),0.05,5.0 kW/(sq m),0.06,2.0 kW/(sq m),0.02,0.03,0.03,0.07,0.11,0.08,0.05
8.0,NNE,open country,9.0,34.0,82.0,99.57,849.53,Methanol,3,Liquid,Single office,Unsheltered,34.0,Burning Puddle,0.09,10.0 kW/(sq m),0.1,5.0 kW/(sq m),0.13,2.0 kW/(sq m),0.04,0.06,0.05,0.15,0.26,0.19,0.13
9.0,ENE,Urban or forest,1.0,26.0,84.0,84.38,86.07,Methanol,3,Liquid,Single office,Unsheltered,26.0,Burning Puddle,0.07,10.0 kW/(sq m),0.09,5.0 kW/(sq m),0.11,2.0 kW/(sq m),0.04,0.06,0.04,0.12,0.2,0.15,0.09
9.0,ENE,Urban or forest,3.0,28.0,78.0,12.91,600.85,Methanol,3,Liquid,Enclosed office,,28.0,Burning Puddle,0.01,10.0 kW/(sq m),0.02,5.0 kW/(sq m),0.02,2.0 kW/(sq m),0.01,0.01,0.01,0.02,0.03,0.02,0.01
6.0,ENE,open country,9.0,23.0,77.0,89.2,482.54,Methanol,3,Liquid,Single office,Unsheltered,23.0,Burning Puddle,0.08,10.0 kW/(sq m),0.09,5.0 kW/(sq m),0.12,2.0 kW/(sq m),0.04,0.07,0.04,0.13,0.22,0.16,0.1
7.0,ENE,open country,0.0,25.0,81.0,10.0,434.62,Methanol,3,Liquid,Enclosed office,,25.0,Burning Puddle,0.01,10.0 kW/(sq m),0.01,5.0 kW/(sq m),0.02,2.0 kW/(sq m),0.0,0.01,0.01,0.02,0.03,0.02,0.01
6.0,NE,open country,2.0,35.0,77.0,90.04,296.66,Methanol,3,Liquid,Enclosed office,,35.0,Burning Puddle,0.08,10.0 kW/(sq m),0.1,5.0 kW/(sq m),0.12,2.0 kW/(sq m),0.04,0.06,0.05,0.14,0.23,0.17,0.11
7.0,NE,Urban or forest,8.0,19.0,83.0,70.77,143.59,Methanol,3,Liquid,Single office,Sheltered,19.0,Burning Puddle,0.06,10.0 kW/(sq m),0.08,5.0 kW/(sq m),0.1,2.0 kW/(sq m),0.03,0.05,0.04,0.11,0.18,0.13,0.08
5.0,NE,open country,6.0,34.0,80.0,90.75,845.05,Methanol,3,Liquid,Enclosed office,,34.0,Burning Puddle,0.08,10.0 kW/(sq m),0.1,5.0 kW/(sq m),0.13,2.0 kW/(sq m),0.04,0.07,0.04,0.14,0.24,0.17,0.11
7.0,ENE,Urban or forest,7.0,33.0,83.0,72.13,28.1,Methanol,3,Liquid,Double storied,Sheltered,33.0,Burning Puddle,0.06,10.0 kW/(sq m),0.08,5.0 kW/(sq m),0.1,2.0 kW/(sq m),0.03,0.05,0.04,0.11,0.18,0.13,0.08
10.0,NNE,open country,3.0,32.0,78.0,44.07,893.2,Methanol,3,Liquid,Single office,Sheltered,32.0,Burning Puddle,0.04,10.0 kW/(sq m),0.05,5.0 kW/(sq m),0.06,2.0 kW/(sq m),0.02,0.03,0.02,0.07,0.12,0.08,0.06
6.0,ESE,open country,3.0,31.0,84.0,71.92,989.09,Methanol,3,Liquid,Enclosed office,,31.0,Burning Puddle,0.06,10.0 kW/(sq m),0.08,5.0 kW/(sq m),0.1,2.0 kW/(sq m),0.03,0.05,0.04,0.11,0.18,0.13,0.08
5.0,NE,Urban or forest,1.0,18.0,86.0,87.47,870.31,Methanol,3,Liquid,Double storied,Unsheltered,18.0,Burning Puddle,0.08,10.0 kW/(sq m),0.09,5.0 kW/(sq m),0.12,2.0 kW/(sq m),0.03,0.06,0.05,0.13,0.24,0.17,0.12
7.0,ESE,Urban or forest,4.0,30.0,85.0,59.41,704.12,Methanol,3,Liquid,Single office,Sheltered,30.0,Burning Puddle,0.05,10.0 kW/(sq m),0.06,5.0 kW/(sq m),0.08,2.0 kW/(sq m),0.03,0.04,0.03,0.09,0.15,0.11,0.07
8.0,NNE,Urban or forest,8.0,19.0,82.0,46.53,512.67,Methanol,3,Liquid,Single office,Sheltered,19.0,Burning Puddle,0.04,10.0 kW/(sq m),0.05,5.0 kW/(sq m),0.06,2.0 kW/(sq m),0.02,0.03,0.02,0.07,0.13,0.09,0.07
6.0,NE,Urban or forest,5.0,25.0,81.0,87.29,809.66,Methanol,3,Liquid,Single office,Sheltered,25.0,Burning Puddle,0.08,10.0 kW/(sq m),0.09,5.0 kW/(sq m),0.12,2.0 kW/(sq m),0.04,0.06,0.05,0.13,0.23,0.17,0.11
5.0,NE,open country,8.0,23.0,82.0,9.46,132.65,Methanol,3,Liquid,Enclosed office,,23.0,Burning Puddle,0.01,10.0 kW/(sq m),0.01,5.0 kW/(sq m),0.02,2.0 kW/(sq m),0.0,0.01,0.01,0.02,0.03,0.02,0.01
10.0,ENE,Urban or forest,3.0,21.0,80.0,70.64,316.76,Methanol,3,Liquid,Double storied,Unsheltered,21.0,Burning Puddle,0.06,10.0 kW/(sq m),0.07,5.0 kW/(sq m),0.09,2.0 kW/(sq m),0.03,0.05,0.04,0.1,0.17,0.12,0.08
4.0,ESE,Urban or forest,3.0,23.0,81.0,30.28,276.66,Methanol,3,Liquid,Enclosed office,,23.0,Burning Puddle,0.03,10.0 kW/(sq m),0.04,5.0 kW/(sq m),0.05,2.0 kW/(sq m),0.01,0.02,0.02,0.05,0.09,0.06,0.04
4.0,ENE,Urban or forest,6.0,34.0,87.0,43.1,173.0,Methanol,3,Liquid,Double storied,Unsheltered,34.0,Burning Puddle,0.04,10.0 kW/(sq m),0.05,5.0 kW/(sq m),0.07,2.0 kW/(sq m),0.02,0.03,0.02,0.07,0.12,0.08,0.05
5.0,NE,Urban or forest,7.0,27.0,80.0,53.57,462.98,Methanol,3,Liquid,Enclosed office,,27.0,Burning Puddle,0.05,10.0 kW/(sq m),0.06,5.0 kW/(sq m),0.08,2.0 kW/(sq m),0.02,0.04,0.03,0.08,0.15,0.11,0.07
6.0,ESE,Urban or forest,7.0,20.0,79.0,96.55,235.66,Methanol,3,Liquid,Double storied,Sheltered,20.0,Burning Puddle,0.08,10.0 kW/(sq m),0.1,5.0 kW/(sq m),0.13,2.0 kW/(sq m),0.04,0.07,0.05,0.14,0.25,0.18,0.12
3.0,NNE,open country,4.0,33.0,86.0,35.59,749.54,Methanol,3,Liquid,Enclosed office,,33.0,Burning Puddle,0.03,10.0 kW/(sq m),0.04,5.0 kW/(sq m),0.06,2.0 kW/(sq m),0.01,0.03,0.02,0.06,0.11,0.07,0.05
4.0,ESE,open country,7.0,19.0,87.0,88.37,638.53,Methanol,3,Liquid,Double storied,Sheltered,19.0,Burning Puddle,0.08,10.0 kW/(sq m),0.1,5.0 kW/(sq m),0.13,2.0 kW/(sq m),0.04,0.06,0.05,0.13,0.24,0.17,0.11
6.0,ENE,open country,10.0,33.0,85.0,52.11,904.66,Methanol,3,Liquid,Enclosed office,,33.0,Burning Puddle,0.05,10.0 kW/(sq m),0.06,5.0 kW/(sq m),0.07,2.0 kW/(sq m),0.02,0.04,0.03,0.08,0.13,0.1,0.06
8.0,ESE,Urban or forest,4.0,29.0,77.0,67.46,805.32,Methanol,3,Liquid,Enclosed office,,29.0,Burning Puddle,0.06,10.0 kW/(sq m),0.07,5.0 kW/(sq m),0.09,2.0 kW/(sq m),0.03,0.05,0.04,0.1,0.17,0.12,0.08
10.0,NNE,Urban or forest,4.0,27.0,82.0,37.81,498.48,Methanol,3,Liquid,Double storied,Sheltered,27.0,Burning Puddle,0.04,10.0 kW/(sq m),0.04,5.0 kW/(sq m),0.05,2.0 kW/(sq m),0.01,0.03,0.02,0.06,0.1,0.07,0.05
5.0,NNE,open country,1.0,19.0,80.0,46.18,488.82,Methanol,3,Liquid,Double storied,Sheltered,19.0,Burning Puddle,0.04,10.0 kW/(sq m),0.05,5.0 kW/(sq m),0.07,2.0 kW/(sq m),0.02,0.03,0.02,0.07,0.13,0.09,0.06
5.0,NE,open country,1.0,19.0,83.0,58.64,911.49,Methanol,3,Liquid,Enclosed office,,19.0,Burning Puddle,0.05,10.0 kW/(sq m),0.06,5.0 kW/(sq m),0.08,2.0 kW/(sq m),0.02,0.04,0.03,0.09,0.16,0.11,0.08
10.0,ESE,Urban or forest,8.0,22.0,84.0,67.0,350.59,Methanol,3,Liquid,Single office,Sheltered,22.0,Burning Puddle,0.06,10.0 kW/(sq m),0.07,5.0 kW/(sq m),0.09,2.0 kW/(sq m),0.03,0.05,0.03,0.1,0.16,0.12,0.07
7.0,NE,open country,0.0,18.0,86.0,50.67,266.52,Methanol,3,Liquid,Enclosed office,,18.0,Burning Puddle,0.05,10.0 kW/(sq m),0.05,5.0 kW/(sq m),0.07,2.0 kW/(sq m),0.02,0.04,0.03,0.08,0.13,0.1,0.06
10.0,NE,Urban or forest,2.0,24.0,86.0,75.08,885.67,Methanol,3,Liquid,Double storied,Unsheltered,24.0,Burning Puddle,0.07,10.0 kW/(sq m),0.08,5.0 kW/(sq m),0.1,2.0 kW/(sq m),0.03,0.05,0.04,0.11,0.19,0.14,0.09
10.0,ESE,Urban or forest,7.0,23.0,84.0,10.0,959.8,Methanol,3,Liquid,Enclosed office,,23.0,Burning Puddle,0.01,10.0 kW/(sq m),0.01,5.0 kW/(sq m),0.02,2.0 kW/(sq m),0.0,0.01,0.01,0.02,0.02,0.02,0.0
9.0,NNE,Urban or forest,2.0,20.0,82.0,39.24,288.0,Methanol,3,Liquid,Double storied,Unsheltered,20.0,Burning Puddle,0.04,10.0 kW/(sq m),0.04,5.0 kW/(sq m),0.06,2.0 kW/(sq m),0.02,0.03,0.02,0.06,0.11,0.08,0.05
4.0,NNE,Urban or forest,2.0,34.0,82.0,36.2,710.91,Methanol,3,Liquid,Enclosed office,,34.0,Burning Puddle,0.03,10.0 kW/(sq m),0.04,5.0 kW/(sq m),0.06,2.0 kW/(sq m),0.01,0.03,0.02,0.06,0.11,0.07,0.05
9.0,ENE,Urban or forest,4.0,31.0,79.0,26.45,122.29,Methanol,3,Liquid,Enclosed office,,31.0,Burning Puddle,0.03,10.0 kW/(sq m),0.03,5.0 kW/(sq m),0.04,2.0 kW/(sq m),0.01,0.02,0.01,0.04,0.07,0.05,0.03
4.0,ESE,Urban or forest,5.0,27.0,85.0,53.88,474.72,Methanol,3,Liquid,Enclosed office,,27.0,Burning Puddle,0.05,10.0 kW/(sq m),0.06,5.0 kW/(sq m),0.08,2.0 kW/(sq m),0.02,0.04,0.03,0.08,0.15,0.11,0.07
4.0,ESE,open country,7.0,31.0,86.0,39.8,625.22,Methanol,3,Liquid,Double storied,Sheltered,31.0,Burning Puddle,0.04,10.0 kW/(sq m),0.05,5.0 kW/(sq m),0.06,2.0 kW/(sq m),0.02,0.03,0.02,0.06,0.11,0.08,0.05
8.0,NNE,open country,2.0,24.0,80.0,83.65,558.0,Methanol,3,Liquid,Single office,Unsheltered,24.0,Burning Puddle,0.07,10.0 kW/(sq m),0.09,5.0 kW/(sq m),0.11,2.0 kW/(sq m),0.03,0.05,0.04,0.13,0.22,0.16,0.11
6.0,NNE,open country,9.0,30.0,83.0,38.38,437.33,Methanol,3,Liquid,Enclosed office,,30.0,Burning Puddle,0.04,10.0 kW/(sq m),0.04,5.0 kW/(sq m),0.06,2.0 kW/(sq m),0.02,0.03,0.02,0.06,0.11,0.08,0.05
9.0,NNE,open country,10.0,31.0,81.0,61.6,543.69,Methanol,3,Liquid,Single office,Sheltered,31.0,Burning Puddle,0.06,10.0 kW/(sq m),0.06,5.0 kW/(sq m),0.08,2.0 kW/(sq m),0.02,0.04,0.03,0.1,0.16,0.12,0.08
7.0,ESE,Urban or forest,3.0,26.0,78.0,35.17,54.09,Methanol,3,Liquid,Single office,Unsheltered,26.0,Burning Puddle,0.03,10.0 kW/(sq m),0.04,5.0 kW/(sq m),0.05,2.0 kW/(sq m),0.02,0.03,0.02,0.05,0.09,0.07,0.04
7.0,ESE,Urban or forest,6.0,25.0,79.0,18.35,80.22,Methanol,3,Liquid,Single office,Unsheltered,25.0,Burning Puddle,0.02,10.0 kW/(sq m),0.02,5.0 kW/(sq m),0.03,2.0 kW/(sq m),0.01,0.02,0.01,0.03,0.05,0.03,0.02
5.0,ESE,Urban or forest,8.0,25.0,87.0,81.86,696.95,Methanol,3,Liquid,Single office,Unsheltered,25.0,Burning Puddle,0.07,10.0 kW/(sq m),0.09,5.0 kW/(sq m),0.12,2.0 kW/(sq m),0.03,0.06,0.04,0.12,0.22,0.15,0.1
5.0,NE,Urban or forest,9.0,21.0,86.0,56.3,45.43,Methanol,3,Liquid,Double storied,Unsheltered,21.0,Burning Puddle,0.05,10.0 kW/(sq m),0.06,5.0 kW/(sq m),0.08,2.0 kW/(sq m),0.02,0.04,0.03,0.09,0.15,0.11,0.07
3.0,ENE,Urban or forest,4.0,29.0,78.0,61.94,983.15,Methanol,3,Liquid,Single office,Unsheltered,29.0,Burning Puddle,0.05,10.0 kW/(sq m),0.07,5.0 kW/(sq m),0.1,2.0 kW/(sq m),0.02,0.05,0.03,0.09,0.18,0.12,0.08
9.0,ESE,Urban or forest,5.0,31.0,81.0,99.09,674.07,Methanol,3,Liquid,Single office,Unsheltered,31.0,Burning Puddle,0.09,10.0 kW/(sq m),0.1,5.0 kW/(sq m),0.13,2.0 kW/(sq m),0.04,0.07,0.05,0.14,0.23,0.17,0.1
7.0,NNE,Urban or forest,2.0,34.0,85.0,9.66,281.54,Methanol,3,Liquid,Single office,Unsheltered,34.0,Burning Puddle,0.01,10.0 kW/(sq m),0.01,5.0 kW/(sq m),0.02,2.0 kW/(sq m),0.0,0.01,0.0,0.02,0.03,0.02,0.01
9.0,NE,open country,7.0,27.0,79.0,63.9,422.83,Methanol,3,Liquid,Enclosed office,,27.0,Burning Puddle,0.06,10.0 kW/(sq m),0.07,5.0 kW/(sq m),0.08,2.0 kW/(sq m),0.03,0.05,0.03,0.1,0.16,0.12,0.08
9.0,NE,open country,8.0,23.0,83.0,98.82,271.74,Methanol,3,Liquid,Single office,Unsheltered,23.0,Burning Puddle,0.08,10.0 kW/(sq m),0.1,5.0 kW/(sq m),0.13,2.0 kW/(sq m),0.04,0.07,0.05,0.15,0.24,0.18,0.11
7.0,NE,Urban or forest,7.0,22.0,78.0,13.7,355.48,Methanol,3,Liquid,Enclosed office,,22.0,Burning Puddle,0.01,10.0 kW/(sq m),0.02,5.0 kW/(sq m),0.02,2.0 kW/(sq m),0.01,0.01,0.01,0.02,0.04,0.03,0.02
5.0,NNE,Urban or forest,4.0,27.0,85.0,23.33,451.86,Methanol,3,Liquid,Enclosed office,,27.0,Burning Puddle,0.02,10.0 kW/(sq m),0.03,5.0 kW/(sq m),0.04,2.0 kW/(sq m),0.01,0.02,0.01,0.04,0.07,0.05,0.03
9.0,NNE,open country,8.0,30.0,84.0,71.25,332.61,Methanol,3,Liquid,Single office,Unsheltered,30.0,Burning Puddle,0.06,10.0 kW/(sq m),0.07,5.0 kW/(sq m),0.09,2.0 kW/(sq m),0.03,0.04,0.03,0.11,0.18,0.13,0.09
4.0,NE,open country,9.0,23.0,77.0,12.34,688.45,Methanol,3,Liquid,Single office,Sheltered,23.0,Burning Puddle,0.01,10.0 kW/(sq m),0.02,5.0 kW/(sq m),0.02,2.0 kW/(sq m),0.01,0.01,0.01,0.02,0.04,0.03,0.02
5.0,ESE,Urban or forest,6.0,28.0,79.0,91.14,571.4,Methanol,3,Liquid,Single office,Sheltered,28.0,Burning Puddle,0.08,10.0 kW/(sq m),0.1,5.0 kW/(sq m),0.13,2.0 kW/(sq m),0.04,0.07,0.05,0.14,0.24,0.17,0.11
6.0,ESE,open country,10.0,31.0,79.0,86.12,777.64,Methanol,3,Liquid,Enclosed office,,31.0,Burning Puddle,0.08,10.0 kW/(sq m),0.09,5.0 kW/(sq m),0.01,2.0 kW/(sq m),0.04,0.06,0.04,0.13,0.22,0.16,0.21
4.0,ENE,Urban or forest,3.0,31.0,82.0,54.04,163.63,Methanol,3,Liquid,Enclosed office,,31.0,Burning Puddle,0.05,10.0 kW/(sq m),0.06,5.0 kW/(sq m),0.08,2.0 kW/(sq m),0.02,0.04,0.03,0.08,0.15,0.11,0.07
7.0,NNE,open country,10.0,25.0,80.0,45.71,337.77,Methanol,3,Liquid,Double storied,Unsheltered,25.0,Burning Puddle,0.04,10.0 kW/(sq m),0.05,5.0 kW/(sq m),0.06,2.0 kW/(sq m),0.02,0.03,0.02,0.07,0.12,0.09,0.06
6.0,ESE,Urban or forest,3.0,30.0,86.0,14.65,861.19,Methanol,3,Liquid,Enclosed office,,30.0,Burning Puddle,0.02,10.0 kW/(sq m),0.02,5.0 kW/(sq m),0.02,2.0 kW/(sq m),0.01,0.01,0.01,0.02,0.04,0.03,0.02
5.0,NE,Urban or forest,5.0,33.0,80.0,45.37,541.62,Methanol,3,Liquid,Double storied,Unsheltered,33.0,Burning Puddle,0.04,10.0 kW/(sq m),0.05,5.0 kW/(sq m),0.07,2.0 kW/(sq m),0.02,0.03,0.02,0.07,0.13,0.09,0.06
8.0,ENE,Urban or forest,3.0,23.0,87.0,9.97,680.63,Methanol,3,Liquid,Double storied,Unsheltered,23.0,Burning Puddle,0.01,10.0 kW/(sq m),0.01,5.0 kW/(sq m),0.02,2.0 kW/(sq m),0.0,0.01,0.01,0.02,0.03,0.02,0.01
7.0,ESE,Urban or forest,8.0,30.0,78.0,21.15,214.76,Methanol,3,Liquid,Single office,Unsheltered,30.0,Burning Puddle,0.02,10.0 kW/(sq m),0.02,5.0 kW/(sq m),0.03,2.0 kW/(sq m),0.01,0.02,0.01,0.03,0.05,0.04,0.02
9.0,NE,Urban or forest,3.0,30.0,78.0,48.84,119.62,Methanol,3,Liquid,Double storied,Sheltered,30.0,Burning Puddle,0.04,10.0 kW/(sq m),0.05,5.0 kW/(sq m),0.07,2.0 kW/(sq m),0.02,0.04,0.03,0.07,0.12,0.09,0.05
5.0,NNE,open country,8.0,28.0,84.0,65.76,30.58,Methanol,3,Liquid,Single office,Unsheltered,28.0,Burning Puddle,0.06,10.0 kW/(sq m),0.07,5.0 kW/(sq m),0.09,2.0 kW/(sq m),0.03,0.05,0.03,0.1,0.18,0.13,0.09
7.0,NE,Urban or forest,9.0,19.0,85.0,22.96,609.85,Methanol,3,Liquid,Single office,Sheltered,19.0,Burning Puddle,0.02,10.0 kW/(sq m),0.03,5.0 kW/(sq m),0.03,2.0 kW/(sq m),0.01,0.02,0.01,0.04,0.06,0.04,0.03
10.0,NNE,Urban or forest,2.0,30.0,82.0,95.39,653.64,Methanol,3,Liquid,Single office,Sheltered,30.0,Burning Puddle,0.08,10.0 kW/(sq m),0.1,5.0 kW/(sq m),0.12,2.0 kW/(sq m),0.04,0.06,0.04,0.15,0.24,0.18,0.12
7.0,NNE,open country,9.0,25.0,86.0,81.27,30.0,Methanol,3,Liquid,Double storied,Unsheltered,25.0,Burning Puddle,0.07,10.0 kW/(sq m),0.08,5.0 kW/(sq m),0.11,2.0 kW/(sq m),0.03,0.05,0.04,0.13,0.21,0.16,0.1
5.0,NE,Urban or forest,2.0,22.0,82.0,77.11,554.22,Methanol,3,Liquid,Single office,Unsheltered,22.0,Burning Puddle,0.07,10.0 kW/(sq m),0.08,5.0 kW/(sq m),0.11,2.0 kW/(sq m),0.03,0.06,0.04,0.12,0.21,0.15,0.1
9.0,ESE,open country,6.0,18.0,85.0,9.78,560.23,Methanol,3,Liquid,Double storied,Sheltered,18.0,Burning Puddle,0.01,10.0 kW/(sq m),0.01,5.0 kW/(sq m),0.02,2.0 kW/(sq m),0.0,0.01,0.01,0.02,0.02,0.02,0.0
7.0,ESE,Urban or forest,0.0,22.0,84.0,79.41,504.23,Methanol,3,Liquid,Double storied,Sheltered,22.0,Burning Puddle,0.07,10.0 kW/(sq m),0.08,5.0 kW/(sq m),0.11,2.0 kW/(sq m),0.03,0.06,0.04,0.12,0.2,0.14,0.09
5.0,ESE,Urban or forest,3.0,28.0,80.0,42.88,529.82,Methanol,3,Liquid,Double storied,Sheltered,28.0,Burning Puddle,0.04,10.0 kW/(sq m),0.05,5.0 kW/(sq m),0.06,2.0 kW/(sq m),0.02,0.03,0.02,0.07,0.12,0.08,0.06
9.0,NNE,Urban or forest,4.0,35.0,86.0,26.79,772.06,Methanol,3,Liquid,Single office,Sheltered,35.0,Burning Puddle,0.03,10.0 kW/(sq m),0.03,5.0 kW/(sq m),0.04,2.0 kW/(sq m),0.01,0.02,0.01,0.04,0.07,0.05,0.03
8.0,ENE,Urban or forest,5.0,29.0,85.0,80.27,518.67,Methanol,3,Liquid,Double storied,Unsheltered,29.0,Burning Puddle,0.07,10.0 kW/(sq m),0.08,5.0 kW/(sq m),0.11,2.0 kW/(sq m),0.03,0.06,0.04,0.12,0.19,0.14,0.08
8.0,NE,open country,2.0,26.0,85.0,13.24,888.19,Methanol,3,Liquid,Double storied,Unsheltered,26.0,Burning Puddle,0.01,10.0 kW/(sq m),0.02,5.0 kW/(sq m),0.02,2.0 kW/(sq m),0.01,0.01,0.01,0.02,0.04,0.03,0.02
8.0,ESE,open country,1.0,26.0,85.0,86.56,190.4,Methanol,3,Liquid,Single office,Sheltered,26.0,Burning Puddle,0.08,10.0 kW/(sq m),0.09,5.0 kW/(sq m),0.11,2.0 kW/(sq m),0.04,0.06,0.05,0.12,0.2,0.15,0.09
4.0,ENE,Urban or forest,1.0,21.0,77.0,9.73,305.16,Methanol,3,Liquid,Double storied,Unsheltered,21.0,Burning Puddle,0.01,10.0 kW/(sq m),0.01,5.0 kW/(sq m),0.02,2.0 kW/(sq m),0.0,0.01,0.01,0.02,0.03,0.02,0.01
4.0,NNE,Urban or forest,9.0,22.0,79.0,51.79,357.46,Methanol,3,Liquid,Enclosed office,,22.0,Burning Puddle,0.05,10.0 kW/(sq m),0.06,5.0 kW/(sq m),0.08,2.0 kW/(sq m),0.02,0.04,0.03,0.08,0.15,0.11,0.07
5.0,NE,open country,1.0,24.0,82.0,48.26,875.02,Methanol,3,Liquid,Enclosed office,,24.0,Burning Puddle,0.04,10.0 kW/(sq m),0.05,5.0 kW/(sq m),0.07,2.0 kW/(sq m),0.02,0.04,0.03,0.07,0.13,0.09,0.06
5.0,NNE,open country,7.0,20.0,79.0,12.58,676.76,Methanol,3,Liquid,Single office,Sheltered,20.0,Burning Puddle,0.01,10.0 kW/(sq m),0.02,5.0 kW/(sq m),0.02,2.0 kW/(sq m),0.01,0.01,0.01,0.02,0.04,0.03,0.02
4.0,ESE,open country,3.0,30.0,80.0,11.07,865.01,Methanol,3,Liquid,Enclosed office,,30.0,Burning Puddle,0.01,10.0 kW/(sq m),0.01,5.0 kW/(sq m),0.02,2.0 kW/(sq m),0.01,0.01,0.01,0.02,0.03,0.02,0.01
8.0,ENE,open country,4.0,29.0,81.0,42.05,244.47,Methanol,3,Liquid,Single office,Unsheltered,29.0,Burning Puddle,0.04,10.0 kW/(sq m),0.04,5.0 kW/(sq m),0.06,2.0 kW/(sq m),0.02,0.03,0.02,0.06,0.1,0.07,0.04
4.0,NNE,Urban or forest,2.0,29.0,83.0,63.57,417.08,Methanol,3,Liquid,Single office,Unsheltered,29.0,Burning Puddle,0.06,10.0 kW/(sq m),0.07,5.0 kW/(sq m),0.1,2.0 kW/(sq m),0.03,0.05,0.03,0.1,0.18,0.13,0.08
8.0,ESE,open country,8.0,27.0,78.0,40.98,924.83,Methanol,3,Liquid,Enclosed office,,27.0,Burning Puddle,0.04,10.0 kW/(sq m),0.04,5.0 kW/(sq m),0.06,2.0 kW/(sq m),0.02,0.03,0.02,0.06,0.1,0.07,0.04
8.0,NNE,Urban or forest,6.0,33.0,80.0,36.7,152.05,Methanol,3,Liquid,Double storied,Sheltered,33.0,Burning Puddle,0.04,10.0 kW/(sq m),0.04,5.0 kW/(sq m),0.05,2.0 kW/(sq m),0.01,0.02,0.02,0.06,0.1,0.07,0.05
4.0,NE,Urban or forest,6.0,22.0,81.0,79.32,348.47,Methanol,3,Liquid,Single office,Sheltered,22.0,Burning Puddle,0.07,10.0 kW/(sq m),0.09,5.0 kW/(sq m),0.12,2.0 kW/(sq m),0.03,0.06,0.04,0.12,0.22,0.16,0.1
3.0,NE,open country,2.0,18.0,82.0,86.92,106.59,Methanol,3,Liquid,Single office,Unsheltered,18.0,Burning Puddle,0.07,10.0 kW/(sq m),0.09,5.0 kW/(sq m),0.13,2.0 kW/(sq m),0.03,0.06,0.05,0.13,0.25,0.17,0.12
8.0,NNE,open country,6.0,34.0,79.0,26.11,33.47,Methanol,3,Liquid,Enclosed office,,34.0,Burning Puddle,0.02,10.0 kW/(sq m),0.03,5.0 kW/(sq m),0.04,2.0 kW/(sq m),0.01,0.02,0.01,0.04,0.07,0.05,0.03
3.0,ENE,Urban or forest,1.0,34.0,81.0,36.42,386.3,Methanol,3,Liquid,Double storied,Sheltered,34.0,Burning Puddle,0.03,10.0 kW/(sq m),0.04,5.0 kW/(sq m),0.06,2.0 kW/(sq m),0.01,0.03,0.02,0.06,0.11,0.07,0.05
9.0,ESE,open country,2.0,23.0,83.0,49.32,992.7,Methanol,3,Liquid,Double storied,Sheltered,23.0,Burning Puddle,0.04,10.0 kW/(sq m),0.05,5.0 kW/(sq m),0.07,2.0 kW/(sq m),0.02,0.04,0.03,0.07,0.12,0.09,0.05
6.0,NE,open country,6.0,26.0,78.0,57.82,363.02,Methanol,3,Liquid,Enclosed office,,26.0,Burning Puddle,0.05,10.0 kW/(sq m),0.06,5.0 kW/(sq m),0.08,2.0 kW/(sq m),0.02,0.04,0.03,0.09,0.15,0.11,0.07
4.0,NNE,open country,3.0,32.0,86.0,33.22,552.56,Methanol,3,Liquid,Enclosed office,,32.0,Burning Puddle,0.03,10.0 kW/(sq m),0.04,5.0 kW/(sq m),0.05,2.0 kW/(sq m),0.01,0.02,0.02,0.05,0.1,0.07,0.05
10.0,ENE,open country,5.0,29.0,79.0,27.99,225.57,Methanol,3,Liquid,Single office,Sheltered,29.0,Burning Puddle,0.03,10.0 kW/(sq m),0.03,5.0 kW/(sq m),0.04,2.0 kW/(sq m),0.01,0.02,0.01,0.04,0.07,0.05,0.03
9.0,ENE,open country,7.0,19.0,83.0,15.9,61.5,Methanol,3,Liquid,Double storied,Unsheltered,19.0,Burning Puddle,0.02,10.0 kW/(sq m),0.02,5.0 kW/(sq m),0.02,2.0 kW/(sq m),0.01,0.01,0.01,0.02,0.04,0.03,0.02
8.0,NNE,Urban or forest,9.0,31.0,85.0,54.86,618.76,Methanol,3,Liquid,Double storied,Unsheltered,31.0,Burning Puddle,0.05,10.0 kW/(sq m),0.06,5.0 kW/(sq m),0.08,2.0 kW/(sq m),0.02,0.04,0.03,0.09,0.15,0.11,0.07
8.0,NNE,Urban or forest,7.0,28.0,83.0,22.3,627.73,Methanol,3,Liquid,Double storied,Sheltered,28.0,Burning Puddle,0.02,10.0 kW/(sq m),0.03,5.0 kW/(sq m),0.03,2.0 kW/(sq m),0.01,0.02,0.01,0.04,0.06,0.04,0.03
8.0,NE,open country,10.0,28.0,81.0,13.61,429.2,Methanol,3,Liquid,Enclosed office,,28.0,Burning Puddle,0.01,10.0 kW/(sq m),0.02,5.0 kW/(sq m),0.02,2.0 kW/(sq m),0.01,0.01,0.01,0.02,0.04,0.03,0.02
3.0,ESE,open country,5.0,34.0,83.0,63.08,107.77,Methanol,3,Liquid,Enclosed office,,34.0,Burning Puddle,0.06,10.0 kW/(sq m),0.07,5.0 kW/(sq m),0.1,2.0 kW/(sq m),0.03,0.05,0.03,0.1,0.18,0.12,0.08
9.0,ESE,open country,1.0,35.0,80.0,10.57,914.03,Methanol,3,Liquid,Double storied,Unsheltered,35.0,Burning Puddle,0.01,10.0 kW/(sq m),0.01,5.0 kW/(sq m),0.02,2.0 kW/(sq m),0.0,0.01,0.01,0.02,0.03,0.02,0.01
10.0,NNE,Urban or forest,8.0,31.0,86.0,18.06,90.45,Methanol,3,Liquid,Double storied,Sheltered,31.0,Burning Puddle,0.02,10.0 kW/(sq m),0.02,5.0 kW/(sq m),0.03,2.0 kW/(sq m),0.01,0.01,0.01,0.03,0.05,0.04,0.02
5.0,NE,Urban or forest,4.0,25.0,84.0,35.68,425.8,Methanol,3,Liquid,Enclosed office,,25.0,Burning Puddle,0.03,10.0 kW/(sq m),0.04,5.0 kW/(sq m),0.05,2.0 kW/(sq m),0.01,0.03,0.02,0.06,0.1,0.07,0.05
6.0,NNE,Urban or forest,2.0,27.0,86.0,37.45,693.5,Methanol,3,Liquid,Single office,Unsheltered,27.0,Burning Puddle,0.04,10.0 kW/(sq m),0.04,5.0 kW/(sq m),0.06,2.0 kW/(sq m),0.01,0.03,0.02,0.06,0.11,0.08,0.05
8.0,NE,Urban or forest,1.0,22.0,79.0,76.87,854.95,Methanol,3,Liquid,Single office,Unsheltered,22.0,Burning Puddle,0.07,10.0 kW/(sq m),0.08,5.0 kW/(sq m),0.1,2.0 kW/(sq m),0.03,0.05,0.04,0.12,0.2,0.14,0.1
6.0,ESE,open country,2.0,20.0,80.0,68.17,595.51,Methanol,3,Liquid,Double storied,Unsheltered,20.0,Burning Puddle,0.06,10.0 kW/(sq m),0.07,5.0 kW/(sq m),0.1,2.0 kW/(sq m),0.03,0.05,0.04,0.1,0.18,0.13,0.08
9.0,NE,Urban or forest,1.0,32.0,85.0,50.18,57.75,Methanol,3,Liquid,Single office,Unsheltered,32.0,Burning Puddle,,10.0 kW/(sq m),,5.0 kW/(sq m),,2.0 kW/(sq m),0.0,0.0,0.0,0.0,0.0,0.0,0.0
7.0,ENE,open country,4.0,27.0,79.0,87.82,211.63,Methanol,3,Liquid,Double storied,Unsheltered,27.0,Burning Puddle,,10.0 kW/(sq m),,5.0 kW/(sq m),,2.0 kW/(sq m),0.0,0.0,0.0,0.0,0.0,0.0,0.0
8.0,NE,Urban or forest,10.0,30.0,78.0,32.17,644.05,Methanol,3,Liquid,Enclosed office,,30.0,Burning Puddle,,10.0 kW/(sq m),,5.0 kW/(sq m),,2.0 kW/(sq m),0.0,0.0,0.0,0.0,0.0,0.0,0.0
6.0,NNE,Urban or forest,10.0,32.0,84.0,33.85,523.4,Methanol,3,Liquid,Single office,Sheltered,32.0,Burning Puddle,,10.0 kW/(sq m),,5.0 kW/(sq m),,2.0 kW/(sq m),0.0,0.0,0.0,0.0,0.0,0.0,0.0
5.0,ESE,open country,5.0,29.0,84.0,34.56,533.56,Methanol,3,Liquid,Enclosed office,,29.0,Burning Puddle,,10.0 kW/(sq m),,5.0 kW/(sq m),,2.0 kW/(sq m),0.0,0.0,0.0,0.0,0.0,0.0,0.0
9.0,NE,open country,5.0,31.0,83.0,31.54,390.7,Methanol,3,Liquid,Single office,Unsheltered,31.0,Burning Puddle,,10.0 kW/(sq m),,5.0 kW/(sq m),,2.0 kW/(sq m),0.0,0.0,0.0,0.0,0.0,0.0,0.0
3.0,NNE,open country,3.0,21.0,87.0,19.26,641.83,Methanol,3,Liquid,Double storied,Sheltered,21.0,Burning Puddle,,10.0 kW/(sq m),,5.0 kW/(sq m),,2.0 kW/(sq m),0.0,0.0,0.0,0.0,0.0,0.0,0.0
5.0,ENE,Urban or forest,8.0,25.0,81.0,67.68,769.4,Methanol,3,Liquid,Enclosed office,,25.0,Burning Puddle,,10.0 kW/(sq m),,5.0 kW/(sq m),,2.0 kW/(sq m),0.0,0.0,0.0,0.0,0.0,0.0,0.0
9.0,ENE,Urban or forest,8.0,21.0,81.0,15.73,831.08,Methanol,3,Liquid,Double storied,Sheltered,21.0,Burning Puddle,,10.0 kW/(sq m),,5.0 kW/(sq m),,2.0 kW/(sq m),0.0,0.0,0.0,0.0,0.0,0.0,0.0
7.0,ESE,open country,2.0,33.0,85.0,83.85,921.0,Methanol,3,Liquid,Single office,Sheltered,33.0,Burning Puddle,,10.0 kW/(sq m),,5.0 kW/(sq m),,2.0 kW/(sq m),0.0,0.0,0.0,0.0,0.0,0.0,0.0
9.0,NNE,Urban or forest,4.0,20.0,82.0,11.37,68.69,Methanol,3,Liquid,Double storied,Sheltered,20.0,Burning Puddle,,10.0 kW/(sq m),,5.0 kW/(sq m),,2.0 kW/(sq m),0.0,0.0,0.0,0.0,0.0,0.0,0.0
5.0,ESE,Urban or forest,6.0,26.0,79.0,16.99,300.54,Methanol,3,Liquid,Enclosed office,,26.0,Burning Puddle,,10.0 kW/(sq m),,5.0 kW/(sq m),,2.0 kW/(sq m),0.0,0.0,0.0,0.0,0.0,0.0,0.0
8.0,NNE,open country,5.0,34.0,77.0,25.88,966.24,Methanol,3,Liquid,Enclosed office,,34.0,Burning Puddle,,10.0 kW/(sq m),,5.0 kW/(sq m),,2.0 kW/(sq m),0.0,0.0,0.0,0.0,0.0,0.0,0.0
8.0,NE,Urban or forest,1.0,21.0,86.0,13.18,238.38,Methanol,3,Liquid,Single office,Sheltered,21.0,Burning Puddle,,10.0 kW/(sq m),,5.0 kW/(sq m),,2.0 kW/(sq m),0.0,0.0,0.0,0.0,0.0,0.0,0.0
6.0,NNE,open country,8.0,26.0,86.0,30.64,985.37,Methanol,3,Liquid,Double storied,Sheltered,26.0,Burning Puddle,,10.0 kW/(sq m),,5.0 kW/(sq m),,2.0 kW/(sq m),0.0,0.0,0.0,0.0,0.0,0.0,0.0
8.0,ESE,open country,5.0,22.0,83.0,82.09,89.69,Methanol,3,Liquid,Single office,Unsheltered,22.0,Burning Puddle,,10.0 kW/(sq m),,5.0 kW/(sq m),,2.0 kW/(sq m),0.0,0.0,0.0,0.0,0.0,0.0,0.0
3.0,NE,Urban or forest,2.0,25.0,85.0,33.47,611.4,Methanol,3,Liquid,Single office,Sheltered,25.0,Burning Puddle,,10.0 kW/(sq m),,5.0 kW/(sq m),,2.0 kW/(sq m),0.0,0.0,0.0,0.0,0.0,0.0,0.0
3.0,NNE,open country,5.0,27.0,82.0,6.55,756.35,Methanol,3,Liquid,Single office,Unsheltered,27.0,Burning Puddle,,10.0 kW/(sq m),,5.0 kW/(sq m),,2.0 kW/(sq m),0.0,0.0,0.0,0.0,0.0,0.0,0.0
8.0,ENE,Urban or forest,7.0,19.0,80.0,93.69,401.17,Methanol,3,Liquid,Single office,Sheltered,19.0,Burning Puddle,,10.0 kW/(sq m),,5.0 kW/(sq m),,2.0 kW/(sq m),0.0,0.0,0.0,0.0,0.0,0.0,0.0
6.0,ENE,Urban or forest,8.0,19.0,86.0,65.65,174.13,Methanol,3,Liquid,Double storied,Sheltered,19.0,Burning Puddle,,10.0 kW/(sq m),,5.0 kW/(sq m),,2.0 kW/(sq m),0.0,0.0,0.0,0.0,0.0,0.0,0.0
7.0,ENE,open country,7.0,29.0,81.0,20.59,974.31,Methanol,3,Liquid,Enclosed office,,29.0,Burning Puddle,,10.0 kW/(sq m),,5.0 kW/(sq m),,2.0 kW/(sq m),0.0,0.0,0.0,0.0,0.0,0.0,0.0
8.0,ENE,open country,3.0,32.0,86.0,93.49,946.89,Methanol,3,Liquid,Double storied,Unsheltered,32.0,Burning Puddle,,10.0 kW/(sq m),,5.0 kW/(sq m),,2.0 kW/(sq m),0.0,0.0,0.0,0.0,0.0,0.0,0.0
8.0,ESE,Urban or forest,6.0,25.0,78.0,96.1,228.58,Methanol,3,Liquid,Single office,Unsheltered,25.0,Burning Puddle,,10.0 kW/(sq m),,5.0 kW/(sq m),,2.0 kW/(sq m),0.0,0.0,0.0,0.0,0.0,0.0,0.0
4.0,ENE,Urban or forest,1.0,31.0,86.0,85.74,342.15,Methanol,3,Liquid,Single office,Sheltered,31.0,Burning Puddle,,10.0 kW/(sq m),,5.0 kW/(sq m),,2.0 kW/(sq m),0.0,0.0,0.0,0.0,0.0,0.0,0.0
8.0,NNE,open country,0.0,20.0,83.0,66.4,692.23,Methanol,3,Liquid,Enclosed office,,20.0,Burning Puddle,,10.0 kW/(sq m),,5.0 kW/(sq m),,2.0 kW/(sq m),0.0,0.0,0.0,0.0,0.0,0.0,0.0
6.0,NE,open country,7.0,24.0,85.0,70.33,260.57,Methanol,3,Liquid,Double storied,Sheltered,24.0,Burning Puddle,,10.0 kW/(sq m),,5.0 kW/(sq m),,2.0 kW/(sq m),0.0,0.0,0.0,0.0,0.0,0.0,0.0
7.0,NE,open country,0.0,32.0,81.0,1.64,603.7,Methanol,3,Liquid,Double storied,Unsheltered,32.0,Burning Puddle,,10.0 kW/(sq m),,5.0 kW/(sq m),,2.0 kW/(sq m),0.0,0.0,0.0,0.0,0.0,0.0,0.0
10.0,NE,Urban or forest,0.0,32.0,83.0,72.84,290.3,Methanol,3,Liquid,Single office,Sheltered,32.0,Burning Puddle,,10.0 kW/(sq m),,5.0 kW/(sq m),,2.0 kW/(sq m),0.0,0.0,0.0,0.0,0.0,0.0,0.0
8.0,NE,Urban or forest,1.0,32.0,78.0,53.05,38.88,Methanol,3,Liquid,Single office,Sheltered,32.0,Burning Puddle,,10.0 kW/(sq m),,5.0 kW/(sq m),,2.0 kW/(sq m),0.0,0.0,0.0,0.0,0.0,0.0,0.0
9.0,ENE,Urban or forest,8.0,30.0,80.0,57.56,493.18,Methanol,3,Liquid,Enclosed office,,30.0,Burning Puddle,,10.0 kW/(sq m),,5.0 kW/(sq m),,2.0 kW/(sq m),0.0,0.0,0.0,0.0,0.0,0.0,0.0
5.0,NNE,Urban or forest,5.0,35.0,80.0,94.72,43.28,Methanol,3,Liquid,Single office,Sheltered,35.0,Burning Puddle,,10.0 kW/(sq m),,5.0 kW/(sq m),,2.0 kW/(sq m),0.0,0.0,0.0,0.0,0.0,0.0,0.0
7.0,NE,open country,8.0,33.0,81.0,58.81,813.55,Methanol,3,Liquid,Single office,Unsheltered,33.0,Burning Puddle,,10.0 kW/(sq m),,5.0 kW/(sq m),,2.0 kW/(sq m),0.0,0.0,0.0,0.0,0.0,0.0,0.0
9.0,NE,Urban or forest,5.0,23.0,87.0,41.5,247.92,Methanol,3,Liquid,Enclosed office,,23.0,Burning Puddle,,10.0 kW/(sq m),,5.0 kW/(sq m),,2.0 kW/(sq m),0.0,0.0,0.0,0.0,0.0,0.0,0.0
8.0,ENE,open country,4.0,22.0,85.0,93.31,801.45,Methanol,3,Liquid,Double storied,Sheltered,22.0,Burning Puddle,,10.0 kW/(sq m),,5.0 kW/(sq m),,2.0 kW/(sq m),0.0,0.0,0.0,0.0,0.0,0.0,0.0
4.0,NE,Urban or forest,8.0,24.0,82.0,18.02,953.97,Methanol,3,Liquid,Enclosed office,,24.0,Burning Puddle,,10.0 kW/(sq m),,5.0 kW/(sq m),,2.0 kW/(sq m),0.0,0.0,0.0,0.0,0.0,0.0,0.0
3.0,ESE,Urban or forest,6.0,24.0,79.0,97.53,455.4,Methanol,3,Liquid,Single office,Sheltered,24.0,Burning Puddle,,10.0 kW/(sq m),,5.0 kW/(sq m),,2.0 kW/(sq m),0.0,0.0,0.0,0.0,0.0,0.0,0.0
7.0,ESE,Urban or forest,5.0,28.0,86.0,7.79,471.96,Methanol,3,Liquid,Double storied,Sheltered,28.0,Burning Puddle,,10.0 kW/(sq m),,5.0 kW/(sq m),,2.0 kW/(sq m),0.0,0.0,0.0,0.0,0.0,0.0,0.0
6.0,ENE,open country,0.0,32.0,82.0,96.72,567.83,Methanol,3,Liquid,Single office,Unsheltered,32.0,Burning Puddle,,10.0 kW/(sq m),,5.0 kW/(sq m),,2.0 kW/(sq m),0.0,0.0,0.0,0.0,0.0,0.0,0.0
7.0,NNE,open country,7.0,28.0,84.0,73.65,897.22,Methanol,3,Liquid,Double storied,Sheltered,28.0,Burning Puddle,,10.0 kW/(sq m),,5.0 kW/(sq m),,2.0 kW/(sq m),0.0,0.0,0.0,0.0,0.0,0.0,0.0
9.0,ESE,open country,6.0,29.0,83.0,10.4,182.31,Methanol,3,Liquid,Single office,Sheltered,29.0,Burning Puddle,,10.0 kW/(sq m),,5.0 kW/(sq m),,2.0 kW/(sq m),0.0,0.0,0.0,0.0,0.0,0.0,0.0
5.0,ESE,open country,5.0,20.0,82.0,3.28,520.44,Methanol,3,Liquid,Single office,Unsheltered,20.0,Burning Puddle,,10.0 kW/(sq m),,5.0 kW/(sq m),,2.0 kW/(sq m),0.0,0.0,0.0,0.0,0.0,0.0,0.0
4.0,ENE,open country,10.0,29.0,84.0,62.94,503.25,Methanol,3,Liquid,Single office,Sheltered,29.0,Burning Puddle,,10.0 kW/(sq m),,5.0 kW/(sq m),,2.0 kW/(sq m),0.0,0.0,0.0,0.0,0.0,0.0,0.0
4.0,NE,Urban or forest,7.0,32.0,79.0,5.08,740.17,Methanol,3,Liquid,Enclosed office,,32.0,Burning Puddle,,10.0 kW/(sq m),,5.0 kW/(sq m),,2.0 kW/(sq m),0.0,0.0,0.0,0.0,0.0,0.0,0.0
10.0,ENE,Urban or forest,2.0,18.0,78.0,5.45,759.62,Methanol,3,Liquid,Single office,Sheltered,18.0,Burning Puddle,,10.0 kW/(sq m),,5.0 kW/(sq m),,2.0 kW/(sq m),0.0,0.0,0.0,0.0,0.0,0.0,0.0
10.0,ESE,open country,9.0,18.0,79.0,77.78,63.62,Methanol,3,Liquid,Double storied,Sheltered,18.0,Burning Puddle,,10.0 kW/(sq m),,5.0 kW/(sq m),,2.0 kW/(sq m),0.0,0.0,0.0,0.0,0.0,0.0,0.0
4.0,ESE,open country,6.0,29.0,77.0,17.71,468.18,Methanol,3,Liquid,Single office,Unsheltered,29.0,Burning Puddle,,10.0 kW/(sq m),,5.0 kW/(sq m),,2.0 kW/(sq m),0.0,0.0,0.0,0.0,0.0,0.0,0.0
5.0,NE,Urban or forest,7.0,22.0,78.0,69.5,582.04,Methanol,3,Liquid,Double storied,Sheltered,22.0,Burning Puddle,,10.0 kW/(sq m),,5.0 kW/(sq m),,2.0 kW/(sq m),0.0,0.0,0.0,0.0,0.0,0.0,0.0
7.0,ESE,open country,1.0,27.0,78.0,91.69,10.36,Methanol,3,Liquid,Double storied,Sheltered,27.0,Burning Puddle,,10.0 kW/(sq m),,5.0 kW/(sq m),,2.0 kW/(sq m),0.0,0.0,0.0,0.0,0.0,0.0,0.0
5.0,NE,open country,6.0,25.0,81.0,52.8,369.54,Methanol,3,Liquid,Double storied,Unsheltered,25.0,Burning Puddle,,10.0 kW/(sq m),,5.0 kW/(sq m),,2.0 kW/(sq m),0.0,0.0,0.0,0.0,0.0,0.0,0.0
7.0,ESE,open country,1.0,24.0,83.0,71.36,839.53,Methanol,3,Liquid,Enclosed office,,24.0,Burning Puddle,,10.0 kW/(sq m),,5.0 kW/(sq m),,2.0 kW/(sq m),0.0,0.0,0.0,0.0,0.0,0.0,0.0
7.0,ESE,open country,4.0,22.0,82.0,24.55,744.09,Methanol,3,Liquid,Enclosed office,,22.0,Burning Puddle,,10.0 kW/(sq m),,5.0 kW/(sq m),,2.0 kW/(sq m),0.0,0.0,0.0,0.0,0.0,0.0,0.0
3.0,NE,open country,4.0,29.0,83.0,75.57,446.07,Methanol,3,Liquid,Enclosed office,,29.0,Burning Puddle,,10.0 kW/(sq m),,5.0 kW/(sq m),,2.0 kW/(sq m),0.0,0.0,0.0,0.0,0.0,0.0,0.0
7.0,NE,Urban or forest,3.0,35.0,78.0,68.62,138.36,Methanol,3,Liquid,Double storied,Sheltered,35.0,Burning Puddle,,10.0 kW/(sq m),,5.0 kW/(sq m),,2.0 kW/(sq m),0.0,0.0,0.0,0.0,0.0,0.0,0.0
8.0,NNE,open country,9.0,35.0,87.0,10.08,393.57,Methanol,3,Liquid,Enclosed office,,35.0,Burning Puddle,,10.0 kW/(sq m),,5.0 kW/(sq m),,2.0 kW/(sq m),0.0,0.0,0.0,0.0,0.0,0.0,0.0
6.0,NNE,Urban or forest,4.0,32.0,78.0,8.97,389.86,Methanol,3,Liquid,Enclosed office,,32.0,Burning Puddle,,10.0 kW/(sq m),,5.0 kW/(sq m),,2.0 kW/(sq m),0.0,0.0,0.0,0.0,0.0,0.0,0.0
10.0,ESE,Urban or forest,3.0,29.0,78.0,3.46,440.29,Methanol,3,Liquid,Double storied,Sheltered,29.0,Burning Puddle,,10.0 kW/(sq m),,5.0 kW/(sq m),,2.0 kW/(sq m),0.0,0.0,0.0,0.0,0.0,0.0,0.0
3.0,NE,Urban or forest,1.0,29.0,78.0,17.07,894.66,Methanol,3,Liquid,Double storied,Unsheltered,29.0,Burning Puddle,,10.0 kW/(sq m),,5.0 kW/(sq m),,2.0 kW/(sq m),0.0,0.0,0.0,0.0,0.0,0.0,0.0
3.0,NE,Urban or forest,3.0,33.0,81.0,23.14,403.5,Methanol,3,Liquid,Enclosed office,,33.0,Burning Puddle,,10.0 kW/(sq m),,5.0 kW/(sq m),,2.0 kW/(sq m),0.0,0.0,0.0,0.0,0.0,0.0,0.0
5.0,ESE,open country,9.0,35.0,82.0,11.67,586.54,Methanol,3,Liquid,Double storied,Unsheltered,35.0,Burning Puddle,,10.0 kW/(sq m),,5.0 kW/(sq m),,2.0 kW/(sq m),0.0,0.0,0.0,0.0,0.0,0.0,0.0
6.0,NNE,open country,10.0,25.0,80.0,40.61,314.16,Methanol,3,Liquid,Double storied,Sheltered,25.0,Burning Puddle,,10.0 kW/(sq m),,5.0 kW/(sq m),,2.0 kW/(sq m),0.0,0.0,0.0,0.0,0.0,0.0,0.0
6.0,NE,Urban or forest,3.0,21.0,79.0,97.26,752.15,Methanol,3,Liquid,Enclosed office,,21.0,Burning Puddle,,10.0 kW/(sq m),,5.0 kW/(sq m),,2.0 kW/(sq m),0.0,0.0,0.0,0.0,0.0,0.0,0.0
8.0,NE,Urban or forest,5.0,32.0,83.0,97.99,683.41,Methanol,3,Liquid,Double storied,Unsheltered,32.0,Burning Puddle,,10.0 kW/(sq m),,5.0 kW/(sq m),,2.0 kW/(sq m),0.0,0.0,0.0,0.0,0.0,0.0,0.0
6.0,NE,open country,8.0,31.0,78.0,21.35,298.75,Methanol,3,Liquid,Single office,Sheltered,31.0,Burning Puddle,,10.0 kW/(sq m),,5.0 kW/(sq m),,2.0 kW/(sq m),0.0,0.0,0.0,0.0,0.0,0.0,0.0
10.0,NNE,open country,4.0,28.0,80.0,85.26,653.09,Methanol,3,Liquid,Enclosed office,,28.0,Burning Puddle,,10.0 kW/(sq m),,5.0 kW/(sq m),,2.0 kW/(sq m),0.0,0.0,0.0,0.0,0.0,0.0,0.0
8.0,ESE,Urban or forest,0.0,19.0,86.0,45.15,664.0,Methanol,3,Liquid,Double storied,Unsheltered,19.0,Burning Puddle,,10.0 kW/(sq m),,5.0 kW/(sq m),,2.0 kW/(sq m),0.0,0.0,0.0,0.0,0.0,0.0,0.0
8.0,ENE,Urban or forest,5.0,20.0,85.0,29.15,734.79,Methanol,3,Liquid,Enclosed office,,20.0,Burning Puddle,,10.0 kW/(sq m),,5.0 kW/(sq m),,2.0 kW/(sq m),0.0,0.0,0.0,0.0,0.0,0.0,0.0
6.0,ESE,open country,4.0,23.0,84.0,9.06,185.0,Methanol,3,Liquid,Double storied,Sheltered,23.0,Burning Puddle,,10.0 kW/(sq m),,5.0 kW/(sq m),,2.0 kW/(sq m),0.0,0.0,0.0,0.0,0.0,0.0,0.0
6.0,ESE,Urban or forest,8.0,23.0,87.0,28.28,124.55,Methanol,3,Liquid,Enclosed office,,23.0,Burning Puddle,,10.0 kW/(sq m),,5.0 kW/(sq m),,2.0 kW/(sq m),0.0,0.0,0.0,0.0,0.0,0.0,0.0
7.0,ESE,open country,4.0,26.0,83.0,89.81,592.22,Methanol,3,Liquid,Double storied,Unsheltered,26.0,Burning Puddle,,10.0 kW/(sq m),,5.0 kW/(sq m),,2.0 kW/(sq m),0.0,0.0,0.0,0.0,0.0,0.0,0.0
7.0,NE,open country,3.0,27.0,79.0,52.39,200.32,Methanol,3,Liquid,Enclosed office,,27.0,Burning Puddle,,10.0 kW/(sq m),,5.0 kW/(sq m),,2.0 kW/(sq m),0.0,0.0,0.0,0.0,0.0,0.0,0.0
4.0,ENE,Urban or forest,2.0,23.0,78.0,4.84,902.82,Methanol,3,Liquid,Enclosed office,,23.0,Burning Puddle,,10.0 kW/(sq m),,5.0 kW/(sq m),,2.0 kW/(sq m),0.0,0.0,0.0,0.0,0.0,0.0,0.0
3.0,NNE,open country,9.0,24.0,82.0,20.88,49.5,Methanol,3,Liquid,Double storied,Sheltered,24.0,Burning Puddle,,10.0 kW/(sq m),,5.0 kW/(sq m),,2.0 kW/(sq m),0.0,0.0,0.0,0.0,0.0,0.0,0.0
9.0,ESE,open country,6.0,30.0,79.0,64.51,218.68,Methanol,3,Liquid,Single office,Sheltered,30.0,Burning Puddle,,10.0 kW/(sq m),,5.0 kW/(sq m),,2.0 kW/(sq m),0.0,0.0,0.0,0.0,0.0,0.0,0.0
6.0,NNE,open country,1.0,25.0,77.0,46.7,53.05,Methanol,3,Liquid,Enclosed office,,25.0,Burning Puddle,,10.0 kW/(sq m),,5.0 kW/(sq m),,2.0 kW/(sq m),0.0,0.0,0.0,0.0,0.0,0.0,0.0
7.0,ENE,Urban or forest,2.0,23.0,83.0,60.32,939.21,Methanol,3,Liquid,Enclosed office,,23.0,Burning Puddle,,10.0 kW/(sq m),,5.0 kW/(sq m),,2.0 kW/(sq m),0.0,0.0,0.0,0.0,0.0,0.0,0.0
10.0,NNE,open country,9.0,19.0,80.0,56.98,269.82,Methanol,3,Liquid,Enclosed office,,19.0,Burning Puddle,,10.0 kW/(sq m),,5.0 kW/(sq m),,2.0 kW/(sq m),0.0,0.0,0.0,0.0,0.0,0.0,0.0
6.0,NNE,Urban or forest,7.0,33.0,77.0,84.16,466.48,Methanol,3,Liquid,Double storied,Unsheltered,33.0,Burning Puddle,,10.0 kW/(sq m),,5.0 kW/(sq m),,2.0 kW/(sq m),0.0,0.0,0.0,0.0,0.0,0.0,0.0
4.0,ESE,open country,3.0,20.0,84.0,89.38,251.66,Methanol,3,Liquid,Single office,Sheltered,20.0,Burning Puddle,,10.0 kW/(sq m),,5.0 kW/(sq m),,2.0 kW/(sq m),0.0,0.0,0.0,0.0,0.0,0.0,0.0
6.0,NE,Urban or forest,4.0,35.0,85.0,12.23,126.77,Methanol,3,Liquid,Single office,Sheltered,35.0,Burning Puddle,,10.0 kW/(sq m),,5.0 kW/(sq m),,2.0 kW/(sq m),0.0,0.0,0.0,0.0,0.0,0.0,0.0
3.0,ENE,open country,7.0,19.0,82.0,95.21,671.58,Methanol,3,Liquid,Enclosed office,,19.0,Burning Puddle,,10.0 kW/(sq m),,5.0 kW/(sq m),,2.0 kW/(sq m),0.0,0.0,0.0,0.0,0.0,0.0,0.0
7.0,NNE,open country,7.0,32.0,83.0,83.1,882.99,Methanol,3,Liquid,Double storied,Sheltered,32.0,Burning Puddle,,10.0 kW/(sq m),,5.0 kW/(sq m),,2.0 kW/(sq m),0.0,0.0,0.0,0.0,0.0,0.0,0.0
4.0,NNE,Urban or forest,3.0,27.0,79.0,42.54,966.91,Methanol,3,Liquid,Enclosed office,,27.0,Burning Puddle,,10.0 kW/(sq m),,5.0 kW/(sq m),,2.0 kW/(sq m),0.0,0.0,0.0,0.0,0.0,0.0,0.0
9.0,NE,Urban or forest,7.0,21.0,82.0,28.91,408.08,Methanol,3,Liquid,Single office,Unsheltered,21.0,Burning Puddle,,10.0 kW/(sq m),,5.0 kW/(sq m),,2.0 kW/(sq m),0.0,0.0,0.0,0.0,0.0,0.0,0.0
10.0,ESE,open country,6.0,28.0,80.0,94.55,942.65,Methanol,3,Liquid,Enclosed office,,28.0,Burning Puddle,,10.0 kW/(sq m),,5.0 kW/(sq m),,2.0 kW/(sq m),0.0,0.0,0.0,0.0,0.0,0.0,0.0
8.0,NE,Urban or forest,5.0,31.0,85.0,49.6,917.76,Methanol,3,Liquid,Double storied,Sheltered,31.0,Burning Puddle,,10.0 kW/(sq m),,5.0 kW/(sq m),,2.0 kW/(sq m),0.0,0.0,0.0,0.0,0.0,0.0,0.0
4.0,NE,open country,3.0,20.0,82.0,8.5,14.04,Methanol,3,Liquid,Double storied,Unsheltered,20.0,Burning Puddle,,10.0 kW/(sq m),,5.0 kW/(sq m),,2.0 kW/(sq m),0.0,0.0,0.0,0.0,0.0,0.0,0.0
8.0,NE,Urban or forest,3.0,33.0,83.0,7.51,548.84,Methanol,3,Liquid,Single office,Unsheltered,33.0,Burning Puddle,,10.0 kW/(sq m),,5.0 kW/(sq m),,2.0 kW/(sq m),0.0,0.0,0.0,0.0,0.0,0.0,0.0
4.0,NE,open country,2.0,25.0,85.0,59.73,516.07,Methanol,3,Liquid,Enclosed office,,25.0,Burning Puddle,,10.0 kW/(sq m),,5.0 kW/(sq m),,2.0 kW/(sq m),0.0,0.0,0.0,0.0,0.0,0.0,0.0
8.0,ESE,Urban or forest,4.0,23.0,77.0,73.83,852.58,Methanol,3,Liquid,Double storied,Sheltered,23.0,Burning Puddle,,10.0 kW/(sq m),,5.0 kW/(sq m),,2.0 kW/(sq m),0.0,0.0,0.0,0.0,0.0,0.0,0.0
5.0,NNE,open country,0.0,28.0,85.0,59.32,430.96,Methanol,3,Liquid,Double storied,Unsheltered,28.0,Burning Puddle,,10.0 kW/(sq m),,5.0 kW/(sq m),,2.0 kW/(sq m),0.0,0.0,0.0,0.0,0.0,0.0,0.0
5.0,NNE,open country,9.0,29.0,86.0,69.01,538.96,Methanol,3,Liquid,Single office,Unsheltered,29.0,Burning Puddle,,10.0 kW/(sq m),,5.0 kW/(sq m),,2.0 kW/(sq m),0.0,0.0,0.0,0.0,0.0,0.0,0.0
4.0,NNE,Urban or forest,1.0,30.0,79.0,38.82,930.86,Methanol,3,Liquid,Single office,Sheltered,30.0,Burning Puddle,,10.0 kW/(sq m),,5.0 kW/(sq m),,2.0 kW/(sq m),0.0,0.0,0.0,0.0,0.0,0.0,0.0
9.0,NE,open country,8.0,24.0,79.0,19.64,979.45,Methanol,3,Liquid,Double storied,Unsheltered,24.0,Burning Puddle,,10.0 kW/(sq m),,5.0 kW/(sq m),,2.0 kW/(sq m),0.0,0.0,0.0,0.0,0.0,0.0,0.0
3.0,NNE,open country,2.0,33.0,79.0,27.33,869.65,Methanol,3,Liquid,Enclosed office,,33.0,Burning Puddle,,10.0 kW/(sq m),,5.0 kW/(sq m),,2.0 kW/(sq m),0.0,0.0,0.0,0.0,0.0,0.0,0.0
4.0,ESE,open country,9.0,22.0,80.0,21.87,730.79,Methanol,3,Liquid,Single office,Unsheltered,22.0,Burning Puddle,,10.0 kW/(sq m),,5.0 kW/(sq m),,2.0 kW/(sq m),0.0,0.0,0.0,0.0,0.0,0.0,0.0
8.0,ENE,open country,6.0,19.0,80.0,29.65,666.68,Methanol,3,Liquid,Single office,Sheltered,19.0,Burning Puddle,,10.0 kW/(sq m),,5.0 kW/(sq m),,2.0 kW/(sq m),0.0,0.0,0.0,0.0,0.0,0.0,0.0
9.0,ESE,open country,0.0,34.0,86.0,6.21,700.88,Methanol,3,Liquid,Single office,Sheltered,34.0,Burning Puddle,,10.0 kW/(sq m),,5.0 kW/(sq m),,2.0 kW/(sq m),0.0,0.0,0.0,0.0,0.0,0.0,0.0
10.0,ESE,open country,6.0,19.0,84.0,7.07,647.96,Methanol,3,Liquid,Enclosed office,,19.0,Burning Puddle,,10.0 kW/(sq m),,5.0 kW/(sq m),,2.0 kW/(sq m),0.0,0.0,0.0,0.0,0.0,0.0,0.0
3.0,NNE,open country,9.0,24.0,83.0,88.79,945.21,Methanol,3,Liquid,Single office,Sheltered,24.0,Burning Puddle,,10.0 kW/(sq m),,5.0 kW/(sq m),,2.0 kW/(sq m),0.0,0.0,0.0,0.0,0.0,0.0,0.0
8.0,ESE,Urban or forest,1.0,30.0,82.0,16.59,657.41,Methanol,3,Liquid,Double storied,Unsheltered,30.0,Burning Puddle,,10.0 kW/(sq m),,5.0 kW/(sq m),,2.0 kW/(sq m),0.0,0.0,0.0,0.0,0.0,0.0,0.0
